id,name,folder_name,where_we_left,0-15,15-30,30-45,45-60,60-75,75-90,90-105,105-120,Respect for Tissue,Hemostasis,Instrument Handling,Economy of Movement,Flow,Overall,Date of Rating
1dkDE0PqtrOjbBDKLWsRVogo38utw0vUl,cut_VID_20220105_13.42.41.mp4_8114.mp4,02010513-2,17.0,,,,,,,,,,,,,,,
1fgW4_o5bH38HsjsqCCq-GPQXY3caYP6H,cut_VID_20220106_10.18.46.mp4_1064.mp4,03010609-1,,,,,,,,,,,,,,,,
1hcwAVJzpLvdCzadsBlF1MlimNMqu_hPy,cut_VID_20220106_13.35.47.mp4_4242.mp4,04010613-2,,,,,,,,,,,,,,,,
1lePgE6m7fx7QMWupdWG8j7VqvF5lbkxl,cut_VID_20220107_15.31.48.mp4_8016.mp4,07010715-2,,,,,,,,,,,,,,,,
1QCzfdxXr3pDJkIijlHun8BBtwS7fMhyl,cut_VID_20220108_11.44.39.mp4_8320.mp4,10010811-2,,,,,,,,,,,,,,,,
1k2OH65yjTIwi_McQYu9peQosI6rVla6i,cut_VID_20220108_16.20.55.mp4_12758.mp4,11010815-1,,,,,,,,,,,,,,,,
1kTqn502RWUXC0MtWOoGS53LkbP9pGL-m,cut_VID_20220108_17.23.12.mp4_6936.mp4,12010817-2,,,,,,,,,,,,,,,,
1pn2C15YWQeiCXgZM0XKuPKfEb4Ooey2k,cut_VID_20220112_16.14.32.mp4_11012.mp4,25011215-2,,Very Good,Below Average,Poor,Below Average,Average,Very Poor,Below Average,Below Average,Good,Poor,Average,Below Average,Average,Average,2025-04-28 15:20:45
1nfYSqCd5OvsGZamdkUK2cvVCHV-PJ7KQ,cut_VID_20220113_19.18.38_2nd_trial.mp4_3866.mp4,29011319-3,,Very Poor,Below Average,Poor,Poor,Below Average,Below Average,Below Average,Poor,Average,Below Average,Below Average,Good,Excellent,Excellent,2025-04-28 16:07:36
1SHrdXTmvzBcbfCok8PcqLrdzd9dGvvld,cut_VID_20220115_14.22.48.mp4_2520.mp4,33011513-2,,Poor,Below Average,Below Average,Poor,Very Good,Excellent,Excellent,Excellent,Very Good,Very Good,Good,Excellent,Excellent,Excellent,2025-04-28 17:01:20
1uBuCW8pBoOj4JLlwz1izv5u58Ul5cd7B,cut_VID_20220116_15.18.33_3rd_trial.mp4_3800.mp4,37011615-3,,Below Average,Poor,Below Average,Poor,Average,Below Average,Poor,Below Average,Good,Below Average,Below Average,Good,Good,Very Good,2025-04-28 18:37:22
18GVgk2sZtlNpxF8aG9GuoEYApmcRcEcC,cut_VID_20220120_14.01.30.mp4_4610.mp4,41012013-2,,Below Average,Poor,Below Average,Very Poor,Average,Below Average,Average,Average,Very Good,Good,Excellent,Excellent,Very Good,Excellent,2025-04-28 18:52:03
11t3YW_tqyXM7ByqzjCREgnNiqksLCH6_,cut_VID_20220122_15.06.11_2nd_trial.mp4_7454.mp4,46012215-3,,Good,Below Average,Average,Below Average,,,,,Very Good,Good,Below Average,Below Average,Poor,Below Average,2025-04-28 19:02:30
16zjt5Zs9q3jwBgUpZ2FDSYI2dfwXeZuf,cut_VID_20220201_13.31.11.mp4_7830.mp4,55020113-2,,Good,Poor,Below Average,Below Average,,,,,Poor,Below Average,Poor,Below Average,Average,Below Average,2025-04-28 19:03:49
18XGxHxRP5JOG2GbHsPXapNlOBZYa4bCp,cut_VID_20220203_16.23.35.mp4_1194.mp4,56020315-2,,Below Average,Poor,Very Poor,Below Average,Average,Good,Below Average,Below Average,Below Average,Good,Below Average,Poor,Below Average,Below Average,2025-04-28 19:18:59
1hjyT0IGRNoghqBLg_oPtTR-qHZkvxz8J,cut_VID_20220210_20.12.30.mp4_8108.mp4,60021019-3,,Poor,Very Poor,Poor,Very Poor,Very Poor,Poor,Below Average,Poor,Poor,Very Poor,Below Average,Poor,Below Average,Poor,2025-04-28 19:47:43
1KD1SmeNk2fqNfzZcVoYhtL5GX8F82Z9F,cut_VID_20220222_11.13.15.mp4_12358.mp4,73022211-1,,Below Average,Poor,Poor,Very Poor,,,,,Very Poor,Very Poor,Very Poor,Below Average,Below Average,Poor,2025-04-28 19:48:33
1GrImnOk9oZxJAPRBUOb2wySNzYyRYjo3,cut_VID_20220222_14.26.52.mp4_11944.mp4,74022213-2,,,,,,,,,,,,,,,,
1c5Mv_Ziu3LiDJHxY_YDrGI6jH-2DOlqV,cut_VID_20220222_15.28.08.mp4_1288.mp4,75022215-2,,,,,,,,,,,,,,,,
1yWvG2P69-Len6NSEcWAXtUL7mbZWtq_N,cut_VID_20220307_10.52.26.mp4_18276.mp4,92030709-1,,,,,,,,,,,,,,,,
1LIeYpFI1a7b_gbGXOy7sbSnD4GLWCg9v,cut_VID_20220307_19.25.03.mp4_420.mp4,94030717-2,,,,,,,,,,,,,,,,
13rEiBFwVQd__rVRUIIF0vD0en5SqKjhs,cut_VID_20240210_12.35.59.mp4_1146.mp4,YourPerforming,,,,,,,,,,,,,,,,
12rQ8EIf-Sw_HgTDIMPbmB8idCNiOYdyl,cut_VID_20240423_15.41.26_3rd_trial.mp4_8302.mp4,AlisPerforming,,,,,,,,,,,,,,,,
1rmb5AyrHnd-x53TyDorhBmsJ91Pyrc7L,cut_VID_20220113_17.48.52_2nd_trial.mp4_7254.mp4,28011317-3,,,,,,,,,,,,,,,,
1wQweM48MQh_bkO7IQ015TVyOB-dg__Kd,cut_VID_20220117_14.19.58.mp4_16442.mp4,38011713-2,,,,,,,,,,,,,,,,
1bwi-rzBmvCjE3ea7w1ASxuDuBZS833SH,cut_VID_20220222_09.32.59.mp4_240.mp4,72022209-1,,,,,,,,,,,,,,,,
1_hfE1dTSaUscYWkDzvAuuzOph3H5olUR,cut_VID_20220318_19.41.42.mp4_8108.mp4,97031819-2,,,,,,,,,,,,,,,,
1iiw89pb3-zyeqS5gPKBf9FOnppdhL0Xt,cut_VID_20220106_14.28.31.mp4_1656.mp4,04010613-2,,,,,,,,,,,,,,,,
1jwbrcdIYgl2wQykUhKFbWMijH7fkA6dJ,cut_VID_20220108_15.55.00.mp4_6784.mp4,11010815-1,,,,,,,,,,,,,,,,
1qd5WaCQS2CvxNw8nOwkviD_q42ydQZT6,cut_VID_20220113_15.31.51.mp4_4014.mp4,27011315-1,,,,,,,,,,,,,,,,
1ufzUOYGpfQXn96kPWIiaR9aWcaUMwSHh,cut_VID_20220116_15.18.33_5th_trial.mp4_7324.mp4,37011615-3,,,,,,,,,,,,,,,,
1d2fMuuTaF-KZ7DUDN6PDeKEw49wJPuYz,cut_VID_20220222_16.16.26.mp4_4278.mp4,75022215-2,,,,,,,,,,,,,,,,
10ZJHYWpS8O-ZhwmvfuxvtSrWJlugeotl,cut_VID_20240210_12.03.04.mp4_358.mp4,YourPerforming,,,,,,,,,,,,,,,,
1nKEFlFr8FoMcuNqmCXmwJlbNeQNGzu-s,cut_VID_20220120_14.28.25.mp4_7608.mp4,41012013-2,,,,,,,,,,,,,,,,
1TUxVt2VqCuhte9GZymyEbyJ3tgUdHqDo,cut_VID_20220129_14.26.34.mp4_18214.mp4,54012913-1,,,,,,,,,,,,,,,,
1hj2G8OzIKCLUyAKzJx37I8lEm2B2eHln,cut_VID_20220210_19.14.32_2nd_trial.mp4_206.mp4,60021019-3,,,,,,,,,,,,,,,,
1LWVUL7o8ynkcVDdlx_tHUUDkw5f1j_Qp,cut_VID_20220307_19.38.01.mp4_5410.mp4,94030717-2,,,,,,,,,,,,,,,,
1dTdDrqqCPt9a8oIM5Tj6fOG2_Rldv2dq,cut_VID_20220105_13.16.54.mp4_1106.mp4,02010513-2,,,,,,,,,,,,,,,,
1e3N42eCrTxxZKLRIEDlwjT8nzKJudYoV,cut_VID_20220105_13.54.41.mp4_7990.mp4,02010513-2,,,,,,,,,,,,,,,,
1fTBqOPchGozFAdDqy-hvTN2C8dfA_p8c,cut_VID_20220106_10.07.59.mp4_4536.mp4,03010609-1,,,,,,,,,,,,,,,,
1fbDSXIL4UpNhKezFL8cdh_e5ISmniKKP,cut_VID_20220106_10.07.59.mp4_936.mp4,03010609-1,,,,,,,,,,,,,,,,
1i1ht84-_gOxiurfZrHV8ud7EylRwJY3C,cut_VID_20220106_13.35.47.mp4_7842.mp4,04010613-2,,,,,,,,,,,,,,,,
1ij7E5nZ9EdPsEJFm5bSF8LL_mfky94Gw,cut_VID_20220106_14.28.31.mp4_19656.mp4,04010613-2,,,,,,,,,,,,,,,,
1s4_D9DdPxMQWB9eFJZH4ibSrbiD7Btnr,cut_VID_20220107_11.35.13.mp4_340.mp4,05010711-1,,,,,,,,,,,,,,,,
1f0HL2TxX74leaJi9DD8aspVN8SdK1e6V,cut_VID_20220107_11.46.01.mp4_842.mp4,05010711-1,,,,,,,,,,,,,,,,
1u7MZPjeIZ-tM0Z5pEbGize1FSegLiFGd,cut_VID_20220107_12.18.18.mp4_11570.mp4,05010711-1,,,,,,,,,,,,,,,,
1gdFXSUCwZL_FOzuXgtVXwGBECLTdke7N,cut_VID_20220107_14.10.24.mp4_8292.mp4,06010713-2,,,,,,,,,,,,,,,,
1h0dlrhfO5W1ygXPwPsvph32ZjHLRcNXZ,cut_VID_20220107_14.36.40.mp4_11592.mp4,06010713-2,,,,,,,,,,,,,,,,
1h7E_YSOafox8Y86T8CpCB-Ndnv19xAew,cut_VID_20220107_14.36.40.mp4_15192.mp4,06010713-2,,,,,,,,,,,,,,,,
10v2LLQcEa6d0SOk-WlsQalrV_y_3siC6,cut_VID_20220107_15.07.55.mp4_9884.mp4,07010715-2,,,,,,,,,,,,,,,,
1H8AgWOEUEfeZo_poDoDi1gnLTaHjls2A,cut_VID_20220107_15.45.09.mp4_1474.mp4,07010715-2,,,,,,,,,,,,,,,,
1llhJx9mQjtCFJk4144ikDD--yYHD1UDt,cut_VID_20220108_09.16.14.mp4_7354.mp4,09010809-1,,,,,,,,,,,,,,,,
1mA8kxwpOSS25jngsi-hNxN5QrbvrLibg,cut_VID_20220108_09.53.05.mp4_6198.mp4,09010809-1,,,,,,,,,,,,,,,,
1mIYCKaRSzDaeVZOhkqqQQT69ZaNyJRtf,cut_VID_20220108_10.06.02.mp4_7572.mp4,09010809-1,,,,,,,,,,,,,,,,
1QGWAf36YDU_KVm6lG9_X9U9YNlDIJ9pq,cut_VID_20220108_11.57.09.mp4_8072.mp4,10010811-2,,,,,,,,,,,,,,,,
1jbZ6FbPsB4jeqtMUDxgniFib1zxSfSbq,cut_VID_20220108_15.30.03.mp4_5586.mp4,11010815-1,,,,,,,,,,,,,,,,
1kG4KX6v_PYNuZQzMsbxTjrK1g_vB8X0n,cut_VID_20220108_16.20.55.mp4_30758.mp4,11010815-1,,,,,,,,,,,,,,,,
1lLj610cqSYxnSCXr--UVWgGZ1PdwsMOf,cut_VID_20220108_18.34.54.mp4_10801.mp4,12010817-2,,,,,,,,,,,,,,,,
1laZDBTpS61KLSMgea1gG4tDIn9QlBE4p,cut_VID_20220108_18.34.54.mp4_18001.mp4,12010817-2,,,,,,,,,,,,,,,,
11fhLnhg3tx3gGGOFCO8_i65hyx2wABe6,cut_VID_20220109_11.01.49_5th_trial.mp4_114.mp4,14010911-3,,,,,,,,,,,,,,,,
1xQlMh_Mv8zc6O-k0GuuOGlmufNskGPzI,cut_VID_20220109_11.53.43.mp4_23264.mp4,14010911-3,,,,,,,,,,,,,,,,
1S3NafGJzfcuDEMOTUpOigF_ANtfO2HfP,cut_VID_20220109_17.13.01_1st_trial.mp4_5178.mp4,17010917-3,,,,,,,,,,,,,,,,
1P3sdbtyDAOyAeeJxyXRt4Dgnxzl9G-2j,cut_VID_20220109_17.13.01_5th_trial.mp4_56.mp4,17010917-3,,,,,,,,,,,,,,,,
1-f8kknVdsrMlZX6386eJbGwr1uskth5a,cut_VID_20220109_17.55.09.mp4_22062.mp4,17010917-3,,,,,,,,,,,,,,,,
1oDmRZObxGw-SQaqqvcV-HAAptWbvkw3s,cut_VID_20220111_15.51.53.mp4_8038.mp4,23011115-1,,,,,,,,,,,,,,,,
1Crh9imhP3FaksboasCAP5nMRueMDnIrt,cut_VID_20220111_15.51.53.mp4_838.mp4,23011115-1,,,,,,,,,,,,,,,,
13rfuExrzrsLRrIBIocGm98H5xz0YZPaj,cut_VID_20220111_16.15.55.mp4_7246.mp4,23011115-1,,,,,,,,,,,,,,,,
1pE39r4J-KYtY973K-SDcVpWHdzlE9NAi,cut_VID_20220112_15.28.30.mp4_3852.mp4,25011215-2,,,,,,,,,,,,,,,,
1pPkLUHb19B4pnied-L0M83M92noBL3EV,cut_VID_20220112_15.40.13.mp4_1308.mp4,25011215-2,,,,,,,,,,,,,,,,
1hAnsF6PyHq9RqUvdBPzwOMd125g3dJup,cut_VID_20220113_11.32.23.mp4_6052.mp4,26011311-2,,,,,,,,,,,,,,,,
1PNUjkeSbvvGuIKSED9gu713MeBsmmOFO,cut_VID_20220113_12.25.21.mp4_2882.mp4,26011311-2,,,,,,,,,,,,,,,,
1qTnBCvhpHCdn-KwccpdA4CZoAvTurE2q,cut_VID_20220113_15.21.46.mp4_8348.mp4,27011315-1,,,,,,,,,,,,,,,,
1quMtltoTpH_qj7kIGuzLwgDI6B7qfqiJ,cut_VID_20220113_15.52.04.mp4_290.mp4,27011315-1,,,,,,,,,,,,,,,,
1qx0J8GtesaZhRYWRUcaJXMZN7JXGxd6v,cut_VID_20220113_16.02.38.mp4_12114.mp4,27011315-1,,,,,,,,,,,,,,,,
1rwCKUJ7f5iXuwGO758qbcx3yE43AIVvz,cut_VID_20220113_17.48.52_2nd_trial.mp4_54.mp4,28011317-3,,,,,,,,,,,,,,,,
1s3YSJhtCsh3m2RRRiYRm5n2hhw7ulhY5,cut_VID_20220113_17.48.52_4th_trial.mp4_128.mp4,28011317-3,,,,,,,,,,,,,,,,
1nZGQ-xltpZ6jU5NshF4D77ZZ5aBvvkG2,cut_VID_20220113_19.18.38_2nd_trial.mp4_7466.mp4,29011319-3,,,,,,,,,,,,,,,,
1oVINfrw49OebiLSQlT0NxgGzWOpWcDGT,cut_VID_20220113_20.13.03.mp4_15022.mp4,29011319-3,,,,,,,,,,,,,,,,
1Rbfyuxo18iWhBedid5PKtnyOn7avlu_9,cut_VID_20220115_14.00.58.mp4_8230.mp4,33011513-2,,,,,,,,,,,,,,,,
1RnNuCdvxDWUv8q7Y9PDUpckwJJ05Nifx,cut_VID_20220115_14.22.48.mp4_13320.mp4,33011513-2,,,,,,,,,,,,,,,,
1ZKoLNEKZVI--cLFIcOUlwJVbEb37Dx5G,cut_VID_20220116_09.14.32.mp4_5022.mp4,35011609-1,,,,,,,,,,,,,,,,
1BJDlR1O7wQZq4Msj27104v_58FlqDHyV,cut_VID_20220116_10.06.31.mp4_18228.mp4,35011609-1,,,,,,,,,,,,,,,,
1twlNcs_OFFpGJzD8XMvVbCeYGrXwg8tN,cut_VID_20220116_15.18.33_1st_trial.mp4_7468.mp4,37011615-3,,,,,,,,,,,,,,,,
1tlcUFXV7lmqcgx6lyowTKjMfpW6_vZ6p,cut_VID_20220116_15.18.33_2nd_trial.mp4_346.mp4,37011615-3,,,,,,,,,,,,,,,,
1vNCneTPIl6CurtjOB5OVoy8I9dYaWQub,cut_VID_20220117_13.18.23.mp4_5092.mp4,38011713-2,,,,,,,,,,,,,,,,
1wAVNvsKv0wYzNaK8bV7sw_HAmGrCChe9,cut_VID_20220117_13.54.16.mp4_5652.mp4,38011713-2,,,,,,,,,,,,,,,,
1xlqanZPp0b0jUBGq3CNUoPlNh5sL6wfa,cut_VID_20220117_20.08.53.mp4_14780.mp4,39011719-1,,,,,,,,,,,,,,,,
1xzmiKVTcRdTi4buFeEDISQoyowBSYTYl,cut_VID_20220117_20.08.53.mp4_380.mp4,39011719-1,,,,,,,,,,,,,,,,
1yHjAVFtTGhLwRmDezMNIrbxfEMI1jJvC,cut_VID_20220117_20.08.53.mp4_3980.mp4,39011719-1,,,,,,,,,,,,,,,,
1yijs0IL2oFtnQH6IM3LPRaGPMHqRrPBq,cut_VID_20220120_11.25.02.mp4_410.mp4,40012011-1,,,,,,,,,,,,,,,,
1z9ZPsR9lxdjZfR1ZpyJCixxL15y4hppD,cut_VID_20220120_11.46.06.mp4_7662.mp4,40012011-1,,,,,,,,,,,,,,,,
1zR1vYuiPclyOttKlr_39Z5KEYXabr5Xy,cut_VID_20220120_12.06.51.mp4_11348.mp4,40012011-1,,,,,,,,,,,,,,,,
12r7zfk5skZy84_s71BUHzbwdxmwW0Yv_,cut_VID_20220120_13.24.22.mp4_290.mp4,41012013-2,,,,,,,,,,,,,,,,
1KDyBZzrZrCkMN47QRqLqvqyxhJaejnLs,cut_VID_20220120_13.38.16.mp4_7586.mp4,41012013-2,,,,,,,,,,,,,,,,
10rU0-b8xKiTLAdHta4zuhhMut44Ii_UZ,cut_VID_20220121_19.36.42.mp4_4308.mp4,45012119-2,,,,,,,,,,,,,,,,
11OJi9BHzZqBEZrN-uysHRhOwisJ-_0kk,cut_VID_20220121_19.59.46.mp4_4046.mp4,45012119-2,,,,,,,,,,,,,,,,
11TdhRM5WJLJhX71YsppV8JZT3fjx4BAL,cut_VID_20220121_20.12.41.mp4_228.mp4,45012119-2,,,,,,,,,,,,,,,,
11_3cVCSEn7gezX6uXpNyT7jP4JEo3OM5,cut_VID_20220122_15.06.11_1st_trial.mp4_4134.mp4,46012215-3,,,,,,,,,,,,,,,,
12IgxEhfC8VlP43a8eSBYtat7nd6iBtbP,cut_VID_20220122_15.06.11_4th_trial.mp4_7270.mp4,46012215-3,,,,,,,,,,,,,,,,
14taNtMMEBavbynQR4K6Yh-VvjT3h-N9T,cut_VID_20220122_17.14.50.mp4_11118.mp4,47012217-3,,,,,,,,,,,,,,,,
12aqxkORii4Dex1kb3k0f4P_GRtxqRaaW,cut_VID_20220122_17.14.50.mp4_21918.mp4,47012217-3,,,,,,,,,,,,,,,,
1UIp3Nam-n8TWWAsJBT28UQihou-GT4Fi,cut_VID_20220122_17.14.50.mp4_3918.mp4,47012217-3,,,,,,,,,,,,,,,,
13edqkugyAOiw86sfuqKMZPC8kd3zEZCP,cut_VID_20220123_11.53.37.mp4_4656.mp4,48012311-2,,,,,,,,,,,,,,,,
14JcaKfmpFhJdFU2DjiL0v0hgK8qr-OFQ,cut_VID_20220123_12.16.15.mp4_7586.mp4,48012311-2,,,,,,,,,,,,,,,,
14Urv1XArUQVvsvVAFVJVTfJ6n1fdRYRF,cut_VID_20220123_12.27.32.mp4_3750.mp4,48012311-2,,,,,,,,,,,,,,,,
1-FKLmJJnomBj3kYnERS28y1Ilsa1XekQ,cut_VID_20220123_13.41.57.mp4_8096.mp4,49012313-1,,,,,,,,,,,,,,,,
10EjSezgHu_bH3A3PdVrg8jExhrq5x2AM,cut_VID_20220123_14.12.49.mp4_22166.mp4,49012313-1,,,,,,,,,,,,,,,,
10IWeYYQBt66arRKYj-Fk98yTPWUVxz_v,cut_VID_20220123_14.12.49.mp4_7766.mp4,49012313-1,,,,,,,,,,,,,,,,
1SZ3zkuOnY1E0-hH9LtHMEtC6cUpfI6Up,cut_VID_20220129_13.33.33.mp4_3862.mp4,54012913-1,,,,,,,,,,,,,,,,
1T33ccquAsh7N_zZMwq5iwIDpIqdp3XWL,cut_VID_20220129_14.16.56.mp4_642.mp4,54012913-1,,,,,,,,,,,,,,,,
17Fw8DdiZ2emNLdaANs_xzCykUwTFsY_Q,cut_VID_20220201_13.42.37.mp4_5028.mp4,55020113-2,,,,,,,,,,,,,,,,
17NlCB3UbVxaZQy9XF7alSDFPfhJXlMBj,cut_VID_20220201_14.20.00.mp4_1.mp4,55020113-2,,,,,,,,,,,,,,,,
181KeDbiDurhIw9jhYlzP6hFjQHi1n-LI,cut_VID_20220203_15.38.04.mp4_5396.mp4,56020315-2,,,,,,,,,,,,,,,,
18RJ3hyCuorYHmqz4MPVQtp5S66xsejUO,cut_VID_20220203_16.02.50.mp4_8246.mp4,56020315-2,,,,,,,,,,,,,,,,
19KNuyK0M2KirrrpPoag_reqJ_Tyc63TB,cut_VID_20220205_11.43.03.mp4_8420.mp4,57020511-2,,,,,,,,,,,,,,,,
19ZrIBbU3R3WJHA1OhakpqZeL_4_CIUIp,cut_VID_20220205_12.09.16.mp4_9006.mp4,57020511-2,,,,,,,,,,,,,,,,
1A8AFHaNgdpdNUPwHvetvkez3Ny5YQoxw,cut_VID_20220205_12.43.05.mp4_3608.mp4,57020511-2,,,,,,,,,,,,,,,,
1UKxeqVWiIDkgT1z7kY22ehjUY2ADon1m,cut_VID_20220207_11.46.59.mp4_3978.mp4,58020711-2,,,,,,,,,,,,,,,,
1VJ1Susba0G-Ea1mxQOcC90i3uuslCRv2,cut_VID_20220207_12.20.45.mp4_22384.mp4,58020711-2,,,,,,,,,,,,,,,,
1VKCT-bdZQWxl_b6sZY0Oit0UN0rTU_9P,cut_VID_20220207_12.20.45.mp4_7984.mp4,58020711-2,,,,,,,,,,,,,,,,
15eElmRyE4esNIFVACpteDp-SHmkZHoUD,cut_VID_20220208_09.25.38.mp4_930.mp4,59020809-1,,,,,,,,,,,,,,,,
16QqH3T-n-pbDSiU6bQCq9alGDmCxgera,cut_VID_20220208_10.12.33.mp4_14401.mp4,59020809-1,,,,,,,,,,,,,,,,
16ROsooeJJUX3L6aSMz0gS5lW2Vv2rE71,cut_VID_20220208_10.12.33.mp4_18001.mp4,59020809-1,,,,,,,,,,,,,,,,
1mk9aLE1L-OAg2mOf35wiuZNoBIhYcqON,cut_VID_20220210_19.14.32_4th_trial.mp4_170.mp4,60021019-3,,,,,,,,,,,,,,,,
1aqbVWNjJPEwJfUGZZsW2Kej3FjJXbyk9,cut_VID_20220210_20.12.30.mp4_15308.mp4,60021019-3,,,,,,,,,,,,,,,,
1MOccLozkJ5q4uJfbwk9zmIeuaojCDdHs,cut_VID_20220212_13.57.17_4th_trial.mp4_7540.mp4,63021213-3,,,,,,,,,,,,,,,,
1Vn3HjAtMDJqIQbdQqulCJonWaouKQwei,cut_VID_20220212_13.57.17_5th_trial.mp4_4110.mp4,63021213-3,,,,,,,,,,,,,,,,
1NvjheENGrGU9APhlHBXjNYV_nSkRoXVx,cut_VID_20220212_14.56.30.mp4_15224.mp4,63021213-3,,,,,,,,,,,,,,,,
1VhGiCHNm-LrddnF-uHkh9A45c-WhoP3S,cut_VID_20220215_19.11.34_1st_trial.mp4_7986.mp4,66021519-3,,,,,,,,,,,,,,,,
1VtDTgapyj67Fzr7GMRM7sXH3_DrHr9uy,cut_VID_20220215_19.11.34_2nd_trial.mp4_7626.mp4,66021519-3,,,,,,,,,,,,,,,,
1W6E6a0oHJhXnbCvWG2WECO0_YMK_oslL,cut_VID_20220215_19.11.34_5th_trial.mp4_7472.mp4,66021519-3,,,,,,,,,,,,,,,,
1CEchtGAAQHfr_a93EqpurAbqiC9AUQd_,cut_VID_20220217_18.23.37_3rd_trial.mp4_7304.mp4,67021718-3,,,,,,,,,,,,,,,,
1CUGt9zr7RiygtxLJBosCYbuvlLslEyPM,cut_VID_20220217_18.23.37_5th_trial.mp4_4242.mp4,67021718-3,,,,,,,,,,,,,,,,
1CcYf7xXYV6nlKjUaFq0iKs2xwpqP8VvL,cut_VID_20220218_15.26.31.mp4_568.mp4,68021815-1,,,,,,,,,,,,,,,,
1Dv6GOssuNez_zEPun1p-eEcrW6gad48z,cut_VID_20220218_16.19.23.mp4_22142.mp4,68021815-1,,,,,,,,,,,,,,,,
1E6FQi6MWU_kXpERP2oSy7lGmsgp1zTid,cut_VID_20220220_17.13.32_2nd_trial.mp4_348.mp4,69022017-3,,,,,,,,,,,,,,,,
1EgW3Lq1CjgpehWVQbO2r2cuqEgj20U0o,cut_VID_20220220_17.13.32_4th_trial.mp4_7534.mp4,69022017-3,,,,,,,,,,,,,,,,
1FHZougVWqmp8S29HIycP5NhklaEz0RHh,cut_VID_20220220_18.12.25.mp4_22038.mp4,69022017-3,,,,,,,,,,,,,,,,
1Aa3c6h47yGVpWlsJW1TXd88f20jj-DuL,cut_VID_20220220_18.56.29_3rd_trial.mp4_168.mp4,70022019-3,,,,,,,,,,,,,,,,
1BNjBK7olvtiUbsWvj2HPyF2tnk6GWB1J,cut_VID_20220220_18.56.29_5th_trial.mp4_7474.mp4,70022019-3,,,,,,,,,,,,,,,,
1D840yLjbfGVm2fGgDYidJkPfcnxHLstu,cut_VID_20220222_09.20.30.mp4_7770.mp4,72022209-1,,,,,,,,,,,,,,,,
1A99DXivk5N1tz0u7OhPgwozRX970eE1q,cut_VID_20220222_09.43.23.mp4_4930.mp4,72022209-1,,,,,,,,,,,,,,,,
1KgfKiEWr3y5npb953Dj42Xtek3LELr1_,cut_VID_20220222_11.36.02.mp4_7890.mp4,73022211-1,,,,,,,,,,,,,,,,
1KzheN__65-ivaMRIJb7nlvA2JuGofLxk,cut_VID_20220222_11.54.36.mp4_7634.mp4,73022211-1,,,,,,,,,,,,,,,,
1GRZ-BKuTZep8lD1_C0aE05YBDq5LGLNJ,cut_VID_20220222_14.00.32.mp4_8120.mp4,74022213-2,,,,,,,,,,,,,,,,
1Gyq7D5aW3s9Y02mzcmU5ASfmlLFMySg5,cut_VID_20220222_14.26.52.mp4_4744.mp4,74022213-2,,,,,,,,,,,,,,,,
1ciy4WA3aIwPGC7wkobpckCstis3l0Ex_,cut_VID_20220222_16.02.01.mp4_4216.mp4,75022215-2,,,,,,,,,,,,,,,,
1ctDKOFpM9ug5lJyTLxX58K3AvpISh-UZ,cut_VID_20220222_16.16.26.mp4_18678.mp4,75022215-2,,,,,,,,,,,,,,,,
1HADohCfY1FGQEcqsCNUs1N0GaVZa1SOh,cut_VID_20220227_11.55.03_1st_trial.mp4_4868.mp4,76022711-3,,,,,,,,,,,,,,,,
1HavQVMU08sFSSbtF0UrcsyWu9Ax4UJ2V,cut_VID_20220227_11.55.03_3rd_trial.mp4_280.mp4,76022711-3,,,,,,,,,,,,,,,,
1JV3XBZreTt7uuNXT6wbZdlvYMJXAw9O3,cut_VID_20220228_10.47.48.mp4_11772.mp4,77022809-1,,,,,,,,,,,,,,,,
1JtUkw9sdppexT3ssK2BJEmD-v_YGkDQr,cut_VID_20220228_10.47.48.mp4_22572.mp4,77022809-1,,,,,,,,,,,,,,,,
1Jt5uyk6dbF-ggJPer4OmOmdd89C5cYs5,cut_VID_20220228_10.47.48.mp4_4572.mp4,77022809-1,,,,,,,,,,,,,,,,
1X-8hQLn_h69K2cCiT22fpNrwi5QCHOzJ,cut_VID_20220301_09.26.51_1st_trial.mp4_4936.mp4,79030109-3,,,,,,,,,,,,,,,,
1X9zOk-_Grigc0a7551riAz87HpTePzB6,cut_VID_20220301_09.26.51_2nd_trial.mp4_3800.mp4,79030109-3,,,,,,,,,,,,,,,,
1XVl_JOjOnXA1pp-JI56qGiKLRdQzhHI1,cut_VID_20220301_10.27.46.mp4_15012.mp4,79030109-3,,,,,,,,,,,,,,,,
1zFAgfogKppaWJirltq1ivtRxrFzxlsus,cut_VID_20220302_11.54.24.mp4_572.mp4,82030211-2,,,,,,,,,,,,,,,,
1mvpK2t9dm5c9sCX8pc9u9_Rr2h8ev9GG,cut_VID_20220302_12.15.59.mp4_1148.mp4,82030211-2,,,,,,,,,,,,,,,,
157lEtS9DUAjIgkLBHV-VjuoneJrUN_2M,cut_VID_20220302_12.25.44.mp4_23340.mp4,82030211-2,,,,,,,,,,,,,,,,
1Y6rzjgxyi9sSFYg9_QKp_Da2eQPvi2KK,cut_VID_20220303_13.44.22.mp4_7430.mp4,84030313-2,,,,,,,,,,,,,,,,
1Yo50O3d3BanM_DYu-U6_noMyQeY5bOE8,cut_VID_20220303_14.32.46.mp4_1420.mp4,84030313-2,,,,,,,,,,,,,,,,
1ZIITCaRCCii-aWO3wUfi4Wha57ZXmSie,cut_VID_20220303_14.47.35.mp4_4718.mp4,84030313-2,,,,,,,,,,,,,,,,
1aQ6sE_RDRCm61BoeqQSvK0Oc-MEr0_Lm,cut_VID_20220306_13.06.37.mp4_3908.mp4,89030613-1,,,,,,,,,,,,,,,,
1bKKKzYuqmCehUiibZMTvGEErHbhq650I,cut_VID_20220306_13.40.33.mp4_7672.mp4,89030613-1,,,,,,,,,,,,,,,,
1rVn2m1RN9J5zx2sVwFrbawZIXFJIU1VN,cut_VID_20220306_17.16.53.mp4_712.mp4,91030617-2,,,,,,,,,,,,,,,,
1-Dlb2MKcFTfw8D8jPrmkoHT9EzCgf7rC,cut_VID_20220306_17.54.20.mp4_11526.mp4,91030617-2,,,,,,,,,,,,,,,,
1nRdJje0L-rIBmJjuZcnQnlMC7YwPAWHO,cut_VID_20220307_10.33.02.mp4_584.mp4,92030709-1,,,,,,,,,,,,,,,,
1MdIa3rrk8Yc8gflXh86dEktRE6-zSx5A,cut_VID_20220307_10.52.26.mp4_276.mp4,92030709-1,,,,,,,,,,,,,,,,
1Lf98qk0K3tyZFStEtX8MrfKQ4nZyJxRe,cut_VID_20220307_19.49.39.mp4_8180.mp4,94030717-2,,,,,,,,,,,,,,,,
1LrDRczfkmPwC-sFM0nOStJcI7VXBEc_-,cut_VID_20220307_19.49.39.mp4_980.mp4,94030717-2,,,,,,,,,,,,,,,,
1a7ei3AkSQjVmh8jSKHYq9Uq_tczmNL2A,cut_VID_20220318_20.03.18.mp4_462.mp4,97031819-2,,,,,,,,,,,,,,,,
1aB-VVhFJuVq_8xKRcQoZv2lCyhZcCOZw,cut_VID_20220318_20.16.26.mp4_5844.mp4,97031819-2,,,,,,,,,,,,,,,,
13esh4paqbi5cvRCUcP4sBVsR_iapMjvA,cut_VID_20240210_12.03.04.mp4_3958.mp4,YourPerforming,,,,,,,,,,,,,,,,
1B6qjU5CyQbx7qbgIR9q1HaetoIOZR6yB,cut_VID_20240210_12.35.59.mp4_4746.mp4,YourPerforming,,,,,,,,,,,,,,,,
1UfJC3Pq6uGuS5ISfCqZL8cCIvE3_KSjS,cut_VID_20240423_15.41.26_3rd_trial.mp4_1102.mp4,AlisPerforming,,,,,,,,,,,,,,,,
1CGwSQiq5P0V9hoQUBPmX6gYy1j1RbUvg,cut_VID_20240426_12.33.10.mp4_11868.mp4,AlisPerforming,,,,,,,,,,,,,,,,
